<Sysmon schemaversion="4.22">
  <HashAlgorithms>*</HashAlgorithms>
  <EventFiltering>
    <!-- Detect drivers não assinados -->
    <DriverLoad onmatch="include">
      <Signature condition="is">Unsigned</Signature>
    </DriverLoad>

    <!-- Detect execução de mimikatz/psexec -->
    <ProcessCreate onmatch="include">
      <CommandLine condition="contains">mimikatz</CommandLine>
      <CommandLine condition="contains">psexec</CommandLine>
    </ProcessCreate>

    <!-- Detect alterações suspeitas em registry relacionadas a serviços -->
    <RegistryEvent onmatch="include">
      <TargetObject condition="contains">\Services\</TargetObject>
    </RegistryEvent>

    <!-- Detect tráfego tunelado ou criação de interface virtual -->
    <NetworkConnect onmatch="include">
      <DestinationPort condition="is">53</DestinationPort>
      <Image condition="contains">wireguard.exe</Image>
    </NetworkConnect>
  </EventFiltering>
</Sysmon>
